mission,aos_utc,los_utc,elevation_deg,s_band_candidate,uhf,s_band
CANVAS,2026-09-27T16:17:47Z,2026-09-27T16:25:03Z,5.36,False,Keep,Delete
CANVAS,2026-09-27T17:52:24Z,2026-09-27T18:03:54Z,77.96,False,Keep,Delete
CANVAS,2026-09-27T19:31:10Z,2026-09-27T19:40:54Z,13.01,False,Keep,Delete
COSMO,2026-09-27T20:03:09Z,2026-09-27T20:12:18Z,11.3,False,Keep_Conflict,Delete
AEPEX,2026-09-27T20:22:33Z,2026-09-27T20:32:47Z,18.45,True,Keep_Conflict,Keep_Conflict
CANVAS,2026-09-27T21:12:32Z,2026-09-27T21:17:45Z,2.25,False,Keep_Conflict,Delete
COSMO,2026-09-27T21:35:30Z,2026-09-27T21:46:52Z,45.98,False,Keep_Conflict,Delete
AEPEX,2026-09-27T21:55:52Z,2026-09-27T22:06:47Z,26.29,True,Keep_Conflict,Keep_Conflict
CANVAS,2026-09-27T22:52:17Z,2026-09-27T22:57:25Z,2.18,False,Keep_Conflict,Delete
CANVAS,2026-09-28T00:29:08Z,2026-09-28T00:38:47Z,12.7,False,Keep_Conflict,Delete
CANVAS,2026-09-28T02:06:08Z,2026-09-28T02:17:34Z,79.57,False,Keep_Conflict,Delete
COSMO,2026-09-28T09:06:30Z,2026-09-28T09:16:36Z,15.61,False,Keep,Delete
AEPEX,2026-09-28T09:26:01Z,2026-09-28T09:36:56Z,25.74,True,Keep,Keep
